﻿<?xml version="1.0" encoding="utf-8"?>
<extension version="2.5" type="plugin" group="content">
  <name>Content - Freestyle Glossary</name>
  <author>Freestyle Joomla</author>
  <creationDate>2017 12 22</creationDate>
  <authorEmail>support@freestyle-joomla.com</authorEmail>
  <authorUrl>http://www.freestyle-joomla.com</authorUrl>
  <author>Freestyle Joomla</author>
  <copyright>Copyright Freestyle Joomla 2010</copyright>
	<license>GNU/GPLv3 http://www.gnu.org/licenses/gpl-3.0.html</license>
  <version>2.6.5.2113</version>
  <description>Content - Freestyle Glossary</description>
  <files>
    <filename plugin="fss_glossary">fss_glossary.php</filename>
  </files>
</extension>
