<?xml version="1.0" encoding="utf-8"?>
<extension
	type="module"
	version="2.5"
	client="site"
	method="upgrade">
  <help url="HELP_MODULE" key="HELP_MODULE"></help>
  <name>MOD_FSS_KBART</name>
  <author>Freestyle Joomla</author>
  <creationDate>2017 12 22</creationDate>
  <version>2.6.5.2113</version>
  <description>MOD_FSS_KBART_DESC</description>
	<license>GNU/GPLv3 http://www.gnu.org/licenses/gpl-3.0.html</license>
  <files>
    <filename>mod_fss_kbart.xml</filename>
    <filename module="mod_fss_kbart">mod_fss_kbart.php</filename>
    <filename>index.html</filename>
    <folder>tmpl</folder>
  </files>
  <languages>
    <language tag="en-GB">en-GB.mod_fss_kbart.ini</language>
    <language tag="en-GB">en-GB.mod_fss_kbart.sys.ini</language>
  </languages>

  <!-- Joomla 1.6+ -->
  <config>
    <fields name="params">
      <fieldset name="basic">
        <field name="which_arts" type="list" default="recent" label="Which Articles" description="Which articles to display">
          <option value="recent">Most Recently Modified</option>
          <option value="recent_added">Most Recently Created</option>
          <option value="viewed">Most Viewed</option>
          <option value="rated">Highest Rated</option>
          <option value="random">Random</option>
        </field>
        <field name="prodid" type="sql" default="" label="Product when showing&lt;br/&gt;KB Articles" query="(SELECT 0 as id, 'All Products' as title) UNION (SELECT id, title FROM #__fss_prod ORDER BY ordering)" key_field="id" value_field="title" />
        <field name="catid" type="sql" default="" label="Category when showing&lt;br/&gt; KB Articles" query="(SELECT 0 as id, 'All Categories' as title) UNION (SELECT id, title FROM #__fss_kb_cat ORDER BY ordering)" key_field="id" value_field="title" />
        <field name="dispcount" type="text" size="3" default="10" label="Number Of Articles&lt;br/&gt; To Display" description="How many articles should be displayed" />
        <field name="maxheight" type="text" size="5" default="0" label="Maximum Height" description="Maximum height of testimonials display. If larger than this, the display will scroll. Use 0 for auto height." />
 
        <field name="show_author" type="list" default="0" label="Show Author" description="Show Author against article title">
          <option value="0">No</option>
          <option value="right">Right</option>
          <option value="left">Left</option>
          <option value="below_left">Below Left</option>
          <option value="below_center">Below Center</option>
          <option value="below_right">Below Right</option>
        </field>
        <field name="show_date" type="list" default="0" label="Show Date Modified" description="Show Date Modified against article title">
          <option value="0">No</option>
          <option value="right">Right</option>
          <option value="left">Left</option>
          <option value="below_left">Below Left</option>
          <option value="below_center">Below Center</option>
          <option value="below_right">Below Right</option>
        </field>
        <field name="show_added" type="list" default="0" label="Show Date Created" description="Show Date Created against article title">
          <option value="0">No</option>
          <option value="right">Right</option>
          <option value="left">Left</option>
          <option value="below_left">Below Left</option>
          <option value="below_center">Below Center</option>
          <option value="below_right">Below Right</option>
        </field>
        <field name="show_rating" type="list" default="0" label="Show Rating" description="Show Rating against article title">
          <option value="0">No</option>
          <option value="right">Right</option>
          <option value="left">Left</option>
          <option value="below_left">Below Left</option>
          <option value="below_center">Below Center</option>
          <option value="below_right">Below Right</option>
        </field>
        <field name="show_views" type="list" default="0" label="Show Views" description="Show Views against article title">
          <option value="0">No</option>
          <option value="right">Right</option>
          <option value="left">Left</option>
          <option value="below_left">Below Left</option>
          <option value="below_center">Below Center</option>
          <option value="below_right">Below Right</option>
        </field>
        <field name="show_intro" type="text" size="5" default="0" label="Show Intro (num chars)" description="Show article introduction. Enter the number of characters to show. Using 0 will hide the intro display." />
        <field name="date_format" type="list" default="0" label="Date Format" description="Format to show dates in">
          <option value="0">Short Date</option>
          <option value="1">Medium Date</option>
          <option value="2">Long Date</option>
          <option value="5">Short Date Time</option>
          <option value="6">Medium Date Time</option>
          <option value="7">Long Date Time</option>
        </field>
        <field name="per_page" type="list" default="0" label="Articles per page" description="">
          <option value="0">All</option>
          <option value="5">5</option>
          <option value="10">10</option>
          <option value="20">20</option>
          <option value="50">50</option>
          <option value="100">100</option>
        </field>
      </fieldset>


      <fieldset name="advanced">
        <field
					name="moduleclass_sfx"
					type="text"
					label="COM_MODULES_FIELD_MODULECLASS_SFX_LABEL"
					description="COM_MODULES_FIELD_MODULECLASS_SFX_DESC" />
      </fieldset>
    </fields>
  </config>
</extension>